image,attack,psnr_cover_vs_wm,ssim_cover_vs_wm,bit_accuracy,payload_bits,delta
synthetic_00,identity,64.57,0.9999,1.0,64,16.0
synthetic_00,jpeg_q90,64.57,0.9999,0.8594,64,16.0
synthetic_00,jpeg_q70,64.57,0.9999,0.5156,64,16.0
synthetic_00,jpeg_q40,64.57,0.9999,0.5156,64,16.0
synthetic_00,jpeg_q20,64.57,0.9999,0.5156,64,16.0
synthetic_00,gauss_noise_.01,64.57,0.9999,0.9062,64,16.0
synthetic_00,gauss_noise_.03,64.57,0.9999,0.5312,64,16.0
synthetic_00,gauss_blur_1.0,64.57,0.9999,0.5156,64,16.0
synthetic_00,gauss_blur_2.0,64.57,0.9999,0.5156,64,16.0
synthetic_00,resize_0.5,64.57,0.9999,0.5156,64,16.0
synthetic_00,resize_2.0,64.57,0.9999,0.9375,64,16.0
synthetic_00,rot_5,64.57,0.9999,0.9219,64,16.0
synthetic_00,crop_0.9,64.57,0.9999,0.9844,64,16.0
synthetic_01,identity,64.168,0.9999,1.0,64,16.0
synthetic_01,jpeg_q90,64.168,0.9999,0.9688,64,16.0
synthetic_01,jpeg_q70,64.168,0.9999,0.4375,64,16.0
synthetic_01,jpeg_q40,64.168,0.9999,0.4375,64,16.0
synthetic_01,jpeg_q20,64.168,0.9999,0.4375,64,16.0
synthetic_01,gauss_noise_.01,64.168,0.9999,0.9219,64,16.0
synthetic_01,gauss_noise_.03,64.168,0.9999,0.5625,64,16.0
synthetic_01,gauss_blur_1.0,64.168,0.9999,0.4375,64,16.0
synthetic_01,gauss_blur_2.0,64.168,0.9999,0.4375,64,16.0
synthetic_01,resize_0.5,64.168,0.9999,0.4375,64,16.0
synthetic_01,resize_2.0,64.168,0.9999,0.9688,64,16.0
synthetic_01,rot_5,64.168,0.9999,0.9062,64,16.0
synthetic_01,crop_0.9,64.168,0.9999,0.8906,64,16.0
synthetic_02,identity,63.647,0.9999,1.0,64,16.0
synthetic_02,jpeg_q90,63.647,0.9999,0.8125,64,16.0
synthetic_02,jpeg_q70,63.647,0.9999,0.4531,64,16.0
synthetic_02,jpeg_q40,63.647,0.9999,0.4531,64,16.0
synthetic_02,jpeg_q20,63.647,0.9999,0.4531,64,16.0
synthetic_02,gauss_noise_.01,63.647,0.9999,0.9375,64,16.0
synthetic_02,gauss_noise_.03,63.647,0.9999,0.5312,64,16.0
synthetic_02,gauss_blur_1.0,63.647,0.9999,0.4531,64,16.0
synthetic_02,gauss_blur_2.0,63.647,0.9999,0.4531,64,16.0
synthetic_02,resize_0.5,63.647,0.9999,0.4531,64,16.0
synthetic_02,resize_2.0,63.647,0.9999,0.8438,64,16.0
synthetic_02,rot_5,63.647,0.9999,0.9375,64,16.0
synthetic_02,crop_0.9,63.647,0.9999,0.9375,64,16.0
synthetic_03,identity,64.126,0.9999,1.0,64,16.0
synthetic_03,jpeg_q90,64.126,0.9999,0.8594,64,16.0
synthetic_03,jpeg_q70,64.126,0.9999,0.5,64,16.0
synthetic_03,jpeg_q40,64.126,0.9999,0.5,64,16.0
synthetic_03,jpeg_q20,64.126,0.9999,0.5,64,16.0
synthetic_03,gauss_noise_.01,64.126,0.9999,0.9688,64,16.0
synthetic_03,gauss_noise_.03,64.126,0.9999,0.5938,64,16.0
synthetic_03,gauss_blur_1.0,64.126,0.9999,0.5,64,16.0
synthetic_03,gauss_blur_2.0,64.126,0.9999,0.5,64,16.0
synthetic_03,resize_0.5,64.126,0.9999,0.5,64,16.0
synthetic_03,resize_2.0,64.126,0.9999,0.8281,64,16.0
synthetic_03,rot_5,64.126,0.9999,0.8125,64,16.0
synthetic_03,crop_0.9,64.126,0.9999,0.9375,64,16.0
synthetic_04,identity,64.664,1.0,1.0,64,16.0
synthetic_04,jpeg_q90,64.664,1.0,0.8906,64,16.0
synthetic_04,jpeg_q70,64.664,1.0,0.4844,64,16.0
synthetic_04,jpeg_q40,64.664,1.0,0.4844,64,16.0
synthetic_04,jpeg_q20,64.664,1.0,0.4844,64,16.0
synthetic_04,gauss_noise_.01,64.664,1.0,0.9062,64,16.0
synthetic_04,gauss_noise_.03,64.664,1.0,0.5938,64,16.0
synthetic_04,gauss_blur_1.0,64.664,1.0,0.4688,64,16.0
synthetic_04,gauss_blur_2.0,64.664,1.0,0.4844,64,16.0
synthetic_04,resize_0.5,64.664,1.0,0.4844,64,16.0
synthetic_04,resize_2.0,64.664,1.0,0.9531,64,16.0
synthetic_04,rot_5,64.664,1.0,0.875,64,16.0
synthetic_04,crop_0.9,64.664,1.0,0.9219,64,16.0
synthetic_05,identity,65.17,1.0,1.0,64,16.0
synthetic_05,jpeg_q90,65.17,1.0,0.7188,64,16.0
synthetic_05,jpeg_q70,65.17,1.0,0.5469,64,16.0
synthetic_05,jpeg_q40,65.17,1.0,0.5469,64,16.0
synthetic_05,jpeg_q20,65.17,1.0,0.5469,64,16.0
synthetic_05,gauss_noise_.01,65.17,1.0,0.875,64,16.0
synthetic_05,gauss_noise_.03,65.17,1.0,0.5938,64,16.0
synthetic_05,gauss_blur_1.0,65.17,1.0,0.5469,64,16.0
synthetic_05,gauss_blur_2.0,65.17,1.0,0.5469,64,16.0
synthetic_05,resize_0.5,65.17,1.0,0.5469,64,16.0
synthetic_05,resize_2.0,65.17,1.0,0.7344,64,16.0
synthetic_05,rot_5,65.17,1.0,0.8594,64,16.0
synthetic_05,crop_0.9,65.17,1.0,0.9062,64,16.0
synthetic_06,identity,63.763,1.0,1.0,64,16.0
synthetic_06,jpeg_q90,63.763,1.0,0.7656,64,16.0
synthetic_06,jpeg_q70,63.763,1.0,0.5312,64,16.0
synthetic_06,jpeg_q40,63.763,1.0,0.5312,64,16.0
synthetic_06,jpeg_q20,63.763,1.0,0.5312,64,16.0
synthetic_06,gauss_noise_.01,63.763,1.0,0.9531,64,16.0
synthetic_06,gauss_noise_.03,63.763,1.0,0.5625,64,16.0
synthetic_06,gauss_blur_1.0,63.763,1.0,0.5312,64,16.0
synthetic_06,gauss_blur_2.0,63.763,1.0,0.5312,64,16.0
synthetic_06,resize_0.5,63.763,1.0,0.5312,64,16.0
synthetic_06,resize_2.0,63.763,1.0,0.6719,64,16.0
synthetic_06,rot_5,63.763,1.0,0.8594,64,16.0
synthetic_06,crop_0.9,63.763,1.0,0.9688,64,16.0
synthetic_07,identity,65.563,1.0,1.0,64,16.0
synthetic_07,jpeg_q90,65.563,1.0,0.8281,64,16.0
synthetic_07,jpeg_q70,65.563,1.0,0.4531,64,16.0
synthetic_07,jpeg_q40,65.563,1.0,0.4531,64,16.0
synthetic_07,jpeg_q20,65.563,1.0,0.4531,64,16.0
synthetic_07,gauss_noise_.01,65.563,1.0,0.9219,64,16.0
synthetic_07,gauss_noise_.03,65.563,1.0,0.5625,64,16.0
synthetic_07,gauss_blur_1.0,65.563,1.0,0.4531,64,16.0
synthetic_07,gauss_blur_2.0,65.563,1.0,0.4531,64,16.0
synthetic_07,resize_0.5,65.563,1.0,0.4531,64,16.0
synthetic_07,resize_2.0,65.563,1.0,0.8438,64,16.0
synthetic_07,rot_5,65.563,1.0,0.7969,64,16.0
synthetic_07,crop_0.9,65.563,1.0,0.9844,64,16.0
